psi,rho_mean,rho_fit,rho_std
1.000000000000000056e-01,0.000000000000000000e+00,3.764173210849221615e-08,0.000000000000000000e+00
3.000000000000000444e-01,0.000000000000000000e+00,6.730891476269411537e-07,0.000000000000000000e+00
5.000000000000000000e-01,0.000000000000000000e+00,9.821211582343052543e-06,0.000000000000000000e+00
7.000000000000000666e-01,0.000000000000000000e+00,9.449953009916901912e-05,0.000000000000000000e+00
9.000000000000000222e-01,0.000000000000000000e+00,6.432315649426790854e-04,0.000000000000000000e+00
1.100000000000000089e+00,0.000000000000000000e+00,4.900415180131146090e-03,0.000000000000000000e+00
1.300000000000000266e+00,3.043249999999999428e-02,6.393907627592139431e-02,1.701259208567830862e-03
1.500000000000000000e+00,4.971974999999999589e-01,4.801041968660382797e-01,6.582142408381222963e-03
1.700000000000000178e+00,8.242249999999999854e-01,8.504732572076550978e-01,1.013264006746722283e-02
1.899999999999999911e+00,7.014924999999999633e-01,7.250586186710561432e-01,7.090695812489980834e-03
2.100000000000000089e+00,5.797299999999999676e-01,5.810385163611633264e-01,7.837836704762764575e-03
2.300000000000000266e+00,5.746125000000000815e-01,6.300673515373983458e-01,4.937500832778080918e-03
2.500000000000000000e+00,7.315049999999999608e-01,7.737339655355683909e-01,7.412274670401368046e-03
2.700000000000000178e+00,8.261249999999999982e-01,8.296057969727694825e-01,7.871876991443725602e-03
2.900000000000000355e+00,7.552350000000001007e-01,7.622230441388930799e-01,8.174367833275193729e-03
3.100000000000000089e+00,6.837975000000000581e-01,6.815363354342995894e-01,7.733139129064840397e-03
3.300000000000000266e+00,6.912075000000000857e-01,6.777500375190289583e-01,5.220185391948814133e-03
3.500000000000000000e+00,7.581625000000000725e-01,7.287372466171794239e-01,8.403161607395162949e-03
3.700000000000000178e+00,7.819474999999999065e-01,7.616269383088791756e-01,7.965492600487502836e-03
3.900000000000000355e+00,7.417099999999998694e-01,7.490561595674984918e-01,6.152269585497007788e-03
4.099999999999999645e+00,7.139500000000000846e-01,7.216485165446945294e-01,6.503703398428994226e-03
4.300000000000000711e+00,7.201499999999999568e-01,7.133801902537122430e-01,6.884536448103323672e-03
4.500000000000000000e+00,7.517249999999999766e-01,7.245836611791782733e-01,7.825069362396470940e-03
4.700000000000001066e+00,7.560624999999999707e-01,7.355304721715472116e-01,7.528505041367419479e-03
4.900000000000000355e+00,7.324524999999999508e-01,7.354149492573928137e-01,7.989523979628107911e-03
5.099999999999999645e+00,7.225500000000001366e-01,7.294795136077154574e-01,7.812607893991801652e-03
5.300000000000000711e+00,7.262299999999999311e-01,7.263413392229600696e-01,7.893675016312598144e-03
5.500000000000000000e+00,7.435199999999999587e-01,7.276945895439088652e-01,7.203241229510944955e-03
5.700000000000001066e+00,7.421975000000001765e-01,7.299625559290254806e-01,8.356945976409768315e-03
5.900000000000000355e+00,7.278400000000002645e-01,7.304842684214576387e-01,7.926414866229178346e-03
6.099999999999999645e+00,7.259099999999999442e-01,7.296829474264312498e-01,8.370917701058513613e-03
6.300000000000000711e+00,7.310874999999998902e-01,7.290385162675231401e-01,5.475901151504889396e-03
6.500000000000000000e+00,7.352525000000000865e-01,7.290753386781152479e-01,7.174488336790071225e-03
6.700000000000001066e+00,7.346175000000000344e-01,7.293742608069208044e-01,6.947950758089906434e-03
6.900000000000000355e+00,7.289974999999999650e-01,7.295039770755885611e-01,7.291261442374190500e-03
7.099999999999999645e+00,7.265900000000000691e-01,7.294425911081888758e-01,7.815026012685258316e-03
7.300000000000000711e+00,7.316400000000002901e-01,7.293611977134104585e-01,9.090648752253160589e-03
7.500000000000000000e+00,7.313875000000000792e-01,7.293471859069940999e-01,7.550250518673993182e-03
7.700000000000001066e+00,7.314700000000000646e-01,7.293718104910175137e-01,8.379147048665387676e-03
7.900000000000000355e+00,7.299875000000000114e-01,7.293882073016024759e-01,7.300087868973695326e-03
8.100000000000001421e+00,7.296150000000001246e-01,7.293865707595237335e-01,7.849507192040453343e-03
8.300000000000000711e+00,7.330499999999999794e-01,7.293799376011509406e-01,8.175396336763006075e-03
8.500000000000000000e+00,7.297750000000000625e-01,7.293774490276396794e-01,9.052689335801061485e-03
8.699999999999999289e+00,7.295774999999999899e-01,7.293784053579841498e-01,6.784220759659079225e-03
8.900000000000000355e+00,7.277199999999999225e-01,7.293793651871379735e-01,7.498129591332833473e-03
9.100000000000001421e+00,7.312125000000000430e-01,7.293791064280863434e-01,7.467206815910426565e-03
9.300000000000000711e+00,7.322075000000001221e-01,7.293782108940590758e-01,8.062963980937445235e-03
9.500000000000000000e+00,7.301374999999999948e-01,7.293772533631180943e-01,7.721993112634770347e-03
9.700000000000001066e+00,7.276774999999998661e-01,7.293762187216591419e-01,8.284647738914116544e-03
9.900000000000000355e+00,7.282100000000000239e-01,7.293748386754994595e-01,7.000142855685165082e-03
1.010000000000000142e+01,7.310099999999999376e-01,7.293728910400175680e-01,7.810428251618735732e-03
1.030000000000000071e+01,7.303925000000001111e-01,7.293702007209229565e-01,6.179279360981558208e-03
1.050000000000000000e+01,7.314100000000001156e-01,7.293665365576342818e-01,7.984171841838064512e-03
1.070000000000000107e+01,7.313650000000000428e-01,7.293615505858617176e-01,5.925349201346245126e-03
1.090000000000000036e+01,7.305000000000001492e-01,7.293547540822260533e-01,8.471997216837671291e-03
1.110000000000000142e+01,7.300500000000000878e-01,7.293454840450556143e-01,6.739904731483499327e-03
1.130000000000000071e+01,7.295650000000000190e-01,7.293328413137355470e-01,6.630612816006484743e-03
1.150000000000000000e+01,7.313749999999999973e-01,7.293156007278241981e-01,7.779417851308871763e-03
1.170000000000000107e+01,7.300624999999999476e-01,7.292920909062829971e-01,6.383384579062308280e-03
1.190000000000000036e+01,7.310799999999999521e-01,7.292600325552024421e-01,7.678805416962920273e-03
1.210000000000000142e+01,7.297525000000001372e-01,7.292163183615533173e-01,6.059995548895351358e-03
1.230000000000000071e+01,7.325324999999999198e-01,7.291567127776771295e-01,5.458148784880693764e-03
1.250000000000000000e+01,7.288750000000000506e-01,7.290754431527440849e-01,1.007357799812016314e-02
1.270000000000000107e+01,7.293350000000000666e-01,7.289646435504182342e-01,8.338182624150437469e-03
1.290000000000000036e+01,7.299000000000001043e-01,7.288135988573717361e-01,8.845516259367606701e-03
1.310000000000000142e+01,7.330750000000001432e-01,7.286077186684386531e-01,7.336758570090032121e-03
1.330000000000000071e+01,7.300974999999999548e-01,7.283271466653623571e-01,6.427479554308413237e-03
1.350000000000000000e+01,7.269075000000000397e-01,7.279448803570363058e-01,6.910218882206263860e-03
1.370000000000000107e+01,7.289574999999999250e-01,7.274242368474068687e-01,6.430627271523603472e-03
1.390000000000000036e+01,7.256099999999998662e-01,7.267154521216315777e-01,6.618904345648308693e-03
1.410000000000000142e+01,7.276450000000000973e-01,7.257511452775579075e-01,8.403882248229401983e-03
1.430000000000000071e+01,7.272325000000000594e-01,7.244403200752164151e-01,6.821256926156023769e-03
1.450000000000000000e+01,7.213100000000000067e-01,7.226605267244589070e-01,7.924223355602343782e-03
1.470000000000000107e+01,7.176024999999999210e-01,7.202477940482256979e-01,5.536160435574560834e-03
1.490000000000000036e+01,7.183250000000001023e-01,7.169840187051561564e-01,5.849505152259965556e-03
1.510000000000000142e+01,7.124624999999998876e-01,7.125817588910509093e-01,9.143503229932681275e-03
1.530000000000000071e+01,7.067674999999999930e-01,7.066669829033336292e-01,8.856016019454930263e-03
1.550000000000000000e+01,6.948250000000000259e-01,6.987615061202091526e-01,5.392355700433722893e-03
1.570000000000000107e+01,6.866199999999998971e-01,6.882689168461739726e-01,8.156824717602073269e-03
1.590000000000000036e+01,6.723050000000001525e-01,6.744710028816696123e-01,8.634567919583165801e-03
1.610000000000000142e+01,6.541099999999999692e-01,6.565459495157678349e-01,7.556551705917883936e-03
1.630000000000000071e+01,6.276200000000000667e-01,6.336237799454738084e-01,6.229311020447905051e-03
1.650000000000000000e+01,6.026650000000000063e-01,6.048955933512010219e-01,1.155769395137646281e-02
1.670000000000000284e+01,5.661899999999999711e-01,5.697855707198387076e-01,1.172005254164618267e-02
1.689999999999999858e+01,5.274400000000001310e-01,5.281721572689254129e-01,9.863363897191515517e-03
1.710000000000000142e+01,4.830449999999998911e-01,4.806066902541622499e-01,1.310332320243106502e-02
1.730000000000000071e+01,4.280025000000000079e-01,4.284391390906376329e-01,1.427356292886293801e-02
1.750000000000000000e+01,3.781925000000000425e-01,3.737549927369646641e-01,1.419907590580975904e-02
1.770000000000000284e+01,3.230674999999999519e-01,3.190850002436556032e-01,1.624666180287022421e-02
1.789999999999999858e+01,2.727249999999999952e-01,2.669573218229665534e-01,1.429025707845806882e-02
1.810000000000000142e+01,2.221575000000000633e-01,2.194506357682418640e-01,1.493989074679985020e-02
1.830000000000000071e+01,1.798825000000000007e-01,1.779061793187377838e-01,1.515056256554955794e-02
1.850000000000000000e+01,1.412575000000000081e-01,1.428670552906830538e-01,1.122780002587562415e-02
1.870000000000000284e+01,1.105725000000000041e-01,1.142055347787528374e-01,9.726421895781449736e-03
1.889999999999999858e+01,8.788250000000000228e-02,9.134214270461132879e-02,9.380779271299483427e-03
1.910000000000000142e+01,6.790750000000000952e-02,7.346650579289759619e-02,6.814405696757419931e-03
1.930000000000000426e+01,5.410749999999999588e-02,5.970869394101369076e-02,5.368163338757394980e-03
1.950000000000000000e+01,4.395249999999999851e-02,4.924780151953056517e-02,4.781253826967851901e-03
1.970000000000000284e+01,3.577500000000000124e-02,4.136689166851975630e-02,2.705039157222176478e-03
1.989999999999999858e+01,3.076750000000000318e-02,3.547088152962185603e-02,2.643426554184628678e-03
2.010000000000000142e+01,2.718250000000000527e-02,3.108280279234781895e-02,1.658968845873528804e-03
2.030000000000000426e+01,2.492749999999999827e-02,2.782965898671457827e-02,1.826016299575605609e-03
2.050000000000000000e+01,2.300249999999999864e-02,2.542485015535939086e-02,1.883548931922759745e-03
2.070000000000000284e+01,2.179500000000000187e-02,2.365093711659288500e-02,1.637625045446510245e-03
2.089999999999999858e+01,2.079000000000000292e-02,2.234446187356997626e-02,1.405683950403166776e-03
2.110000000000000142e+01,2.052000000000000005e-02,2.138336540653995588e-02,1.592201389007651298e-03
2.130000000000000426e+01,2.065999999999999434e-02,2.067694595809421720e-02,1.596674174981431004e-03
2.150000000000000000e+01,2.000249999999999945e-02,2.015804289723110987e-02,1.357384772661249543e-03
2.170000000000000284e+01,1.951750000000000013e-02,1.977705608521684866e-02,1.334094903118333668e-03
2.189999999999999858e+01,2.008499999999999869e-02,1.949742406997989619e-02,1.535380974495289402e-03
2.210000000000000142e+01,1.928999999999999812e-02,1.929223410363811730e-02,1.342091847198167640e-03
2.230000000000000426e+01,1.931749999999999787e-02,1.914169604870785690e-02,1.373075207814848523e-03
2.250000000000000000e+01,1.937999999999999445e-02,1.903126823204848161e-02,1.341876141433094062e-03
2.270000000000000284e+01,1.961500000000000049e-02,1.895027138236343722e-02,9.171035641455227818e-04
2.289999999999999858e+01,1.937499999999999639e-02,1.889086589479366252e-02,1.337072607562781899e-03
2.310000000000000142e+01,1.894749999999999907e-02,1.884729844746230176e-02,1.961637004351749446e-03
2.330000000000000426e+01,1.895000000000000157e-02,1.881534771050275001e-02,1.487668610523473290e-03
2.350000000000000000e+01,1.870499999999999940e-02,1.879191689873521698e-02,1.931177715390546782e-03
2.370000000000000284e+01,1.816500000000000406e-02,1.877473446161853632e-02,1.369123807403844172e-03
2.389999999999999858e+01,1.852249999999999730e-02,1.876213431579520918e-02,1.875708638018400067e-03
2.410000000000000142e+01,1.870999999999999747e-02,1.875289453804701578e-02,1.663667476896813890e-03
2.430000000000000426e+01,1.888249999999999651e-02,1.874611899796657655e-02,1.914162933723800170e-03
2.450000000000000000e+01,1.913249999999999673e-02,1.874115051618152616e-02,1.433185171860951700e-03
2.470000000000000284e+01,1.899750000000000050e-02,1.873750716050098797e-02,1.475365699536362613e-03
2.489999999999999858e+01,1.925750000000000031e-02,1.873483551988991413e-02,1.228635850295594625e-03
2.510000000000000142e+01,1.971250000000000085e-02,1.873287643401871927e-02,1.697589234922958039e-03
2.530000000000000426e+01,1.916999999999999954e-02,1.873143985951664092e-02,1.990001322401041984e-03
2.550000000000000000e+01,1.857999999999999929e-02,1.873038643776520074e-02,1.662860566360840767e-03
2.570000000000000284e+01,1.862749999999999823e-02,1.872961397775840808e-02,1.845939712193394103e-03
2.589999999999999858e+01,1.907249999999999918e-02,1.872904754360971147e-02,1.993375542297933043e-03
2.610000000000000142e+01,1.937250000000000430e-02,1.872863218555770315e-02,1.376444217616727694e-03
2.630000000000000426e+01,1.856250000000000261e-02,1.872832760955678300e-02,1.557568533593981343e-03
2.650000000000000000e+01,1.849500000000000102e-02,1.872810426847837384e-02,1.521071298373893226e-03
2.670000000000000284e+01,1.847250000000000281e-02,1.872794049580006615e-02,1.862756517128651233e-03
2.689999999999999858e+01,1.867500000000000410e-02,1.872782040375764456e-02,1.988883579985726863e-03
2.710000000000000142e+01,1.898500000000000187e-02,1.872773234207808501e-02,1.780308961950144084e-03
2.730000000000000426e+01,1.883000000000000645e-02,1.872766776778450604e-02,1.688459279000268211e-03
2.750000000000000000e+01,1.869499999999999981e-02,1.872762041643744046e-02,1.910352681684995271e-03
2.770000000000000284e+01,1.847249999999999587e-02,1.872758569441651533e-02,1.755328354348253224e-03
2.789999999999999858e+01,1.875500000000000084e-02,1.872756023328869812e-02,1.666062171077279134e-03
2.810000000000000142e+01,1.828750000000000167e-02,1.872754156303280126e-02,1.667007640559637531e-03
2.830000000000000426e+01,1.805250000000000257e-02,1.872752787241976913e-02,1.594849852691963875e-03
2.850000000000000000e+01,1.794999999999999721e-02,1.872751783330267594e-02,1.276508395667856968e-03
2.870000000000000284e+01,1.803249999999999992e-02,1.872751047177190209e-02,1.718726196007411104e-03
2.889999999999999858e+01,1.850750000000000312e-02,1.872750507367410000e-02,1.494135465569867548e-03
2.910000000000000142e+01,1.841999999999999887e-02,1.872750111533172390e-02,1.746002954118197614e-03
2.930000000000000426e+01,1.788000000000000006e-02,1.872749821273989035e-02,1.718582647354928309e-03
2.950000000000000000e+01,1.802999999999999742e-02,1.872749608431378832e-02,1.465066910632951318e-03
2.970000000000000284e+01,1.840500000000000122e-02,1.872749452357153066e-02,1.431772916425830180e-03
2.989999999999999858e+01,1.865249999999999894e-02,1.872749337910312173e-02,1.473134413419223626e-03
3.010000000000000142e+01,1.863750000000000129e-02,1.872749253988198470e-02,1.509433058434436238e-03
3.030000000000000426e+01,1.866250000000000200e-02,1.872749192449402189e-02,1.354706707430761116e-03
3.050000000000000000e+01,1.843999999999999806e-02,1.872749147323943264e-02,1.433215009395971250e-03
3.070000000000000284e+01,1.872499999999999859e-02,1.872749114234140144e-02,1.277384251631352155e-03
3.089999999999999858e+01,1.871499999999999900e-02,1.872749089969888425e-02,1.438484216842598204e-03
3.110000000000000142e+01,1.849750000000000005e-02,1.872749072177293250e-02,1.869877212405585782e-03
3.130000000000000426e+01,1.885250000000000120e-02,1.872749059130252025e-02,1.553389756900084564e-03
3.150000000000000000e+01,1.885250000000000120e-02,1.872749049563054990e-02,1.377686371001072673e-03
3.170000000000000284e+01,1.903250000000000081e-02,1.872749042547577902e-02,1.431899272405635958e-03
3.189999999999999858e+01,1.941999999999999976e-02,1.872749037403237393e-02,1.380255506476208349e-03
3.210000000000000142e+01,1.916999999999999954e-02,1.872749033630966009e-02,1.323114348402045079e-03
3.229999999999999716e+01,1.876000000000000237e-02,1.872749030864823139e-02,1.326709423625550789e-03
3.250000000000000000e+01,1.904000000000000137e-02,1.872749028836451224e-02,9.035893338295477705e-04
3.270000000000000284e+01,1.878999999999999768e-02,1.872749027349074336e-02,1.290715835659055196e-03
3.290000000000000568e+01,1.899499999999999800e-02,1.872749026258407890e-02,1.411689916749649543e-03
3.310000000000000142e+01,1.902500000000000371e-02,1.872749025458630978e-02,1.764004117431642975e-03
3.329999999999999716e+01,1.911750000000000602e-02,1.872749024872172319e-02,1.096198574980589016e-03
3.350000000000000000e+01,1.899500000000000147e-02,1.872749024442132981e-02,1.191184726493576965e-03
3.370000000000000284e+01,1.882999999999999952e-02,1.872749024126790784e-02,1.453616180427281862e-03
3.390000000000000568e+01,1.918500000000000413e-02,1.872749023895553533e-02,1.626030037917666283e-03
3.410000000000000142e+01,1.901499999999999718e-02,1.872749023725989170e-02,1.290155029444136009e-03
3.429999999999999716e+01,1.864000000000000379e-02,1.872749023601655294e-02,1.727075410537771321e-03
3.450000000000000000e+01,1.893749999999999947e-02,1.872749023510478228e-02,1.326240729914524453e-03
3.470000000000000284e+01,1.905500000000000596e-02,1.872749023443620597e-02,1.546974976832969769e-03
3.490000000000000568e+01,1.914749999999999786e-02,1.872749023394598700e-02,1.570825713137085277e-03
3.510000000000000142e+01,1.944749999999999951e-02,1.872749023358649678e-02,1.189258393418263790e-03
3.529999999999999716e+01,1.871000000000000094e-02,1.872749023332287432e-02,1.248008940588757809e-03
3.550000000000000000e+01,1.930250000000000368e-02,1.872749023312958450e-02,1.014172595089997062e-03
3.570000000000000284e+01,1.912499999999999964e-02,1.872749023298786453e-02,1.622011421856079392e-03
3.590000000000000568e+01,1.929499999999999618e-02,1.872749023288389214e-02,2.145122987518185455e-03
3.610000000000000142e+01,1.884999999999999870e-02,1.872749023280767533e-02,1.409460516427622637e-03
3.629999999999999716e+01,1.869500000000000675e-02,1.872749023275177560e-02,1.661000015843341112e-03
3.650000000000000000e+01,1.913250000000000367e-02,1.872749023271080837e-02,1.500988709239065456e-03
3.670000000000000284e+01,1.879250000000000018e-02,1.872749023268077684e-02,1.287211899294055583e-03
3.690000000000000568e+01,1.908750000000000030e-02,1.872749023265873891e-02,1.516737756190117458e-03
3.710000000000000142e+01,1.912000000000000505e-02,1.872749023264252966e-02,1.438054240979804279e-03
3.729999999999999716e+01,1.938749999999999848e-02,1.872749023263070578e-02,1.461602851234507575e-03
3.750000000000000000e+01,1.934750000000000358e-02,1.872749023262204604e-02,1.387393903008537306e-03
3.770000000000000284e+01,1.871499999999999900e-02,1.872749023261566226e-02,9.824914623976182919e-04
3.790000000000000568e+01,1.873000000000000012e-02,1.872749023261099932e-02,1.314333931773248830e-03
3.810000000000000142e+01,1.887250000000000039e-02,1.872749023260755763e-02,1.318838703676756966e-03
3.830000000000000426e+01,1.904000000000000484e-02,1.872749023260500412e-02,1.186392142501573564e-03
3.850000000000000000e+01,1.924750000000000419e-02,1.872749023260317225e-02,1.311334695724369762e-03
3.870000000000000284e+01,1.890249999999999569e-02,1.872749023260183998e-02,1.200052082203101594e-03
3.890000000000000568e+01,1.932250000000000287e-02,1.872749023260084078e-02,1.443540512256692677e-03
3.910000000000000142e+01,1.938250000000000042e-02,1.872749023260011914e-02,1.577329104931230732e-03
3.930000000000000426e+01,1.878500000000000308e-02,1.872749023259956402e-02,1.413664517635302917e-03
3.950000000000000000e+01,1.939500000000000252e-02,1.872749023259917545e-02,1.421072611945305413e-03
3.970000000000000284e+01,1.928750000000000603e-02,1.872749023259889789e-02,1.765448727810104259e-03
3.990000000000000568e+01,1.873000000000000012e-02,1.872749023259873136e-02,1.436681116872824985e-03
4.010000000000000142e+01,1.914999999999999689e-02,1.872749023259856482e-02,1.090871211463571465e-03
4.030000000000000426e+01,1.948499999999999538e-02,1.872749023259845380e-02,9.761767527612910580e-04
4.050000000000000000e+01,1.944499999999999701e-02,1.872749023259834278e-02,8.338086363820319336e-04
4.070000000000000284e+01,1.913500000000000270e-02,1.872749023259828727e-02,1.539061573269825045e-03
4.090000000000000568e+01,1.952999999999999875e-02,1.872749023259823176e-02,1.372703824382260447e-03
4.110000000000000142e+01,1.883499999999999758e-02,1.872749023259817625e-02,1.255629429074476113e-03
4.130000000000000426e+01,1.932999999999999649e-02,1.872749023259817625e-02,1.147009842567782087e-03
4.150000000000000000e+01,1.888500000000000248e-02,1.872749023259817625e-02,1.452411787338563293e-03
4.170000000000000284e+01,1.909249999999999489e-02,1.872749023259817625e-02,1.521968514094406864e-03
4.190000000000000568e+01,1.961000000000000590e-02,1.872749023259817625e-02,1.717219294459259790e-03
4.210000000000000142e+01,1.922499999999999903e-02,1.872749023259812073e-02,1.623308836588825514e-03
4.230000000000000426e+01,1.936500000000000027e-02,1.872749023259812073e-02,1.201654561099206727e-03
4.250000000000000000e+01,1.972749999999999851e-02,1.872749023259812073e-02,1.138266803429439271e-03
4.270000000000000284e+01,1.922000000000000097e-02,1.872749023259812073e-02,1.046347029079338319e-03
4.290000000000000568e+01,1.931250000000000328e-02,1.872749023259812073e-02,1.260521508616259476e-03
4.310000000000000142e+01,1.959999999999999937e-02,1.872749023259812073e-02,1.917097586951362282e-03
4.330000000000000426e+01,1.957249999999999962e-02,1.872749023259812073e-02,1.625736675123651666e-03
4.350000000000000000e+01,1.882999999999999952e-02,1.872749023259812073e-02,1.408470615129833129e-03
4.370000000000000284e+01,1.965499999999999886e-02,1.872749023259812073e-02,1.600238469071011988e-03
4.390000000000000568e+01,1.988750000000000240e-02,1.872749023259812073e-02,1.796258904677045312e-03
4.410000000000000142e+01,1.982750000000000137e-02,1.872749023259812073e-02,1.457871104691610322e-03
4.430000000000000426e+01,1.905750000000000152e-02,1.872749023259812073e-02,1.636369135424040186e-03
4.450000000000000000e+01,1.907249999999999918e-02,1.872749023259812073e-02,1.722030243025579523e-03
4.470000000000000284e+01,1.966999999999999652e-02,1.872749023259812073e-02,1.600197356249337139e-03
4.490000000000000568e+01,1.952999999999999875e-02,1.872749023259812073e-02,1.166686716619693819e-03
4.510000000000000142e+01,1.945000000000000201e-02,1.872749023259812073e-02,8.966311217111818787e-04
4.530000000000000426e+01,1.914249999999999632e-02,1.872749023259812073e-02,1.294550826389317217e-03
4.550000000000000000e+01,1.887000000000000136e-02,1.872749023259812073e-02,1.147353935205513986e-03
4.570000000000000284e+01,1.924000000000000363e-02,1.872749023259812073e-02,1.096597608874592391e-03
4.590000000000000568e+01,1.881250000000000283e-02,1.872749023259812073e-02,1.633761803807075221e-03
4.610000000000000142e+01,1.904249999999999693e-02,1.872749023259812073e-02,1.338427494448143993e-03
4.630000000000000426e+01,1.861250000000000057e-02,1.872749023259812073e-02,1.079945783239529781e-03
4.650000000000000000e+01,1.864249999999999935e-02,1.872749023259812073e-02,1.285165870924634066e-03
4.670000000000000284e+01,1.876000000000000237e-02,1.872749023259812073e-02,1.200065787670342955e-03
4.690000000000000568e+01,1.918250000000000163e-02,1.872749023259812073e-02,1.179794250572620664e-03
4.710000000000000142e+01,1.948000000000000079e-02,1.872749023259812073e-02,1.787412125186342571e-03
4.730000000000000426e+01,1.932499999999999496e-02,1.872749023259812073e-02,1.298430226323917013e-03
4.750000000000000000e+01,1.948250000000000329e-02,1.872749023259812073e-02,1.368852285291356123e-03
4.770000000000000284e+01,1.954999999999999793e-02,1.872749023259812073e-02,1.095805399550581899e-03
4.790000000000000568e+01,1.870500000000000634e-02,1.872749023259812073e-02,1.417642594702836012e-03
4.810000000000000142e+01,1.920000000000000179e-02,1.872749023259812073e-02,1.361790616875636168e-03
4.830000000000000426e+01,1.900249999999999856e-02,1.872749023259812073e-02,1.699727145285693467e-03
4.850000000000000000e+01,1.905750000000000499e-02,1.872749023259812073e-02,1.631618102246646523e-03
4.870000000000000284e+01,1.889750000000000457e-02,1.872749023259812073e-02,1.292027680166253243e-03
4.890000000000000568e+01,1.862749999999999823e-02,1.872749023259812073e-02,1.516789806067232868e-03
4.910000000000000142e+01,1.852999999999999786e-02,1.872749023259812073e-02,1.297406319506243374e-03
4.930000000000000426e+01,1.857500000000000123e-02,1.872749023259812073e-02,1.259333574805174228e-03
4.950000000000000000e+01,1.855499999999999511e-02,1.872749023259812073e-02,1.454385382938532976e-03
4.970000000000000284e+01,1.811000000000000110e-02,1.872749023259812073e-02,1.166032409046750470e-03
4.990000000000000568e+01,1.848999999999999949e-02,1.872749023259812073e-02,1.212500678241806721e-03
5.010000000000000142e+01,1.852000000000000174e-02,1.872749023259812073e-02,1.653656236153215782e-03
5.030000000000000426e+01,1.895999999999999769e-02,1.872749023259812073e-02,1.826241466711574484e-03
5.050000000000000000e+01,1.857750000000000373e-02,1.872749023259812073e-02,1.711760789362812632e-03
5.070000000000000284e+01,1.867250000000000160e-02,1.872749023259812073e-02,1.710145807880289514e-03
5.090000000000000568e+01,1.871750000000000497e-02,1.872749023259812073e-02,2.051140568459155523e-03
5.110000000000000142e+01,1.872750000000000456e-02,1.872749023259812073e-02,1.836649910771468103e-03
5.130000000000000426e+01,1.862749999999999823e-02,1.872749023259812073e-02,1.977603214419973183e-03
5.150000000000000000e+01,1.927000000000000240e-02,1.872749023259812073e-02,1.890029239539904506e-03
5.170000000000000284e+01,1.896249999999999672e-02,1.872749023259812073e-02,1.668270062070287187e-03
5.190000000000000568e+01,1.885500000000000023e-02,1.872749023259812073e-02,1.219997842966169532e-03
5.210000000000000142e+01,1.907249999999999571e-02,1.872749023259812073e-02,1.241335761864697943e-03
5.230000000000000426e+01,1.920250000000000429e-02,1.872749023259812073e-02,1.394299956401438617e-03
5.250000000000000000e+01,1.910500000000000045e-02,1.872749023259812073e-02,1.525649128455784220e-03
5.270000000000000284e+01,1.936000000000000568e-02,1.872749023259812073e-02,1.516366849101044795e-03
5.290000000000000568e+01,1.894500000000000003e-02,1.872749023259812073e-02,2.159855014627261229e-03
5.310000000000000142e+01,1.914999999999999689e-02,1.872749023259812073e-02,1.696435892346688122e-03
5.330000000000000426e+01,1.962250000000000452e-02,1.872749023259812073e-02,1.735122853226674176e-03
5.350000000000000000e+01,1.937750000000000236e-02,1.872749023259812073e-02,1.528025471680778116e-03
5.370000000000000284e+01,1.965500000000000233e-02,1.872749023259812073e-02,1.859180634467492207e-03
5.390000000000000568e+01,1.958750000000000074e-02,1.872749023259812073e-02,1.713328170857127781e-03
5.410000000000000142e+01,1.940999999999999670e-02,1.872749023259812073e-02,1.539275290860160714e-03
5.430000000000000426e+01,1.935500000000000068e-02,1.872749023259812073e-02,1.387149671277874714e-03
5.450000000000000000e+01,1.935749999999999624e-02,1.872749023259812073e-02,1.370869393755962985e-03
5.470000000000000284e+01,1.883250000000000202e-02,1.872749023259812073e-02,1.619557688155366876e-03
5.490000000000000568e+01,1.905000000000000096e-02,1.872749023259812073e-02,1.596789542208134228e-03
5.510000000000000142e+01,1.936500000000000027e-02,1.872749023259812073e-02,1.452592962873451706e-03
5.530000000000000426e+01,1.949500000000000191e-02,1.872749023259812073e-02,1.751232648586042431e-03
5.550000000000000000e+01,1.950250000000000247e-02,1.872749023259812073e-02,1.678147082820498131e-03
5.570000000000000284e+01,1.955499999999999600e-02,1.872749023259812073e-02,1.717472132616942870e-03
5.590000000000000568e+01,1.931749999999999440e-02,1.872749023259812073e-02,2.033164179043928186e-03
5.610000000000000142e+01,1.888500000000000595e-02,1.872749023259812073e-02,1.603950714559783993e-03
5.630000000000000426e+01,1.916499999999999454e-02,1.872749023259812073e-02,1.976979354576332941e-03
5.650000000000000000e+01,1.929000000000000159e-02,1.872749023259812073e-02,2.140253305224948562e-03
5.670000000000000284e+01,1.862499999999999920e-02,1.872749023259812073e-02,1.698335098048425751e-03
5.690000000000000568e+01,1.869999999999999787e-02,1.872749023259812073e-02,1.484569758691403575e-03
5.710000000000000142e+01,1.894250000000000100e-02,1.872749023259812073e-02,1.612800359622975884e-03
5.730000000000000426e+01,1.836250000000000382e-02,1.872749023259812073e-02,1.305340750028210432e-03
5.750000000000000000e+01,1.840249999999999872e-02,1.872749023259812073e-02,1.633810125539620012e-03
5.770000000000000284e+01,1.848750000000000046e-02,1.872749023259812073e-02,1.473795226081647076e-03
5.790000000000000568e+01,1.799499999999999364e-02,1.872749023259812073e-02,1.474600748820185936e-03
5.810000000000000142e+01,1.797999999999999945e-02,1.872749023259812073e-02,1.493970337195840324e-03
5.830000000000000426e+01,1.861749999999999863e-02,1.872749023259812073e-02,1.363072670573054444e-03
5.850000000000000000e+01,1.824000000000000274e-02,1.872749023259812073e-02,1.174913210680507631e-03
5.870000000000000284e+01,1.840249999999999872e-02,1.872749023259812073e-02,1.668711683967763308e-03
5.890000000000000568e+01,1.817250000000000115e-02,1.872749023259812073e-02,1.297413925752626549e-03
5.910000000000000142e+01,1.781749999999999653e-02,1.872749023259812073e-02,1.933382296718152201e-03
5.930000000000000426e+01,1.781249999999999847e-02,1.872749023259812073e-02,1.728467148721816570e-03
5.950000000000000000e+01,1.755500000000000116e-02,1.872749023259812073e-02,1.585368959214890870e-03
5.970000000000000284e+01,1.731500000000000053e-02,1.872749023259812073e-02,1.518751218323097923e-03
5.990000000000000568e+01,1.750999999999999779e-02,1.872749023259812073e-02,1.803257286719026293e-03
